ID;Nome;Fone;EMail
1000;Victoria N. Mcleod;(718) 584-5987;Nunc@pede.co.uk
1001;Aristotle J. Pena;(592) 530-4104;Curabitur.dictum@pedeCrasvulputate.com
1002;Frances N. Riley;(356) 467-8574;mollis.non@elitCurabitursed.co.uk
1003;Grady K. Wilcox;(785) 777-2192;Donec.vitae.erat@ornareplacerat.co.uk
1004;Brenden G. Gillespie;(321) 414-6677;a@euplacerateget.org
1005;Mona J. Hutchinson;(146) 676-7668;Quisque@ipsumSuspendisse.edu
1006;Hamish Z. Hughes;(156) 580-6860;Suspendisse@interdum.com
1007;Justin P. Lindsay;(811) 354-8209;per.conubia@milaciniamattis.edu
1008;Mohammad L. Carrillo;(110) 771-1254;pede.nec@velsapienimperdiet.org
1009;Aimee E. Fletcher;(119) 986-6982;a.tortor@idnuncinterdum.edu
1010;Nita V. Barrett;(117) 512-5011;Morbi@ligulaAeneaneuismod.edu
1011;Yardley I. Norman;(478) 308-1104;dignissim.tempor@lacus.org
1012;Merritt Z. Charles;(742) 982-4628;sollicitudin.a.malesuada@diamnuncullamcorper.edu
1013;Kareem Y. Benton;(245) 202-7582;placerat.augue.Sed@ornareInfaucibus.com
1014;Celeste R. Reyes;(897) 209-1210;interdum@velit.com
1015;Nora O. Pierce;(160) 708-2720;lobortis@nec.net
1016;Zenaida B. Cotton;(668) 542-1222;sit.amet.dapibus@Sedeu.com
1017;Emma B. Snow;(704) 510-0213;eu.augue.porttitor@auctornon.co.uk
1018;Cain J. Daniel;(308) 157-4226;Duis.mi.enim@euismod.com
1019;Phyllis F. Hendrix;(356) 777-8475;blandit.viverra@eratvitae.net
1020;Callum E. Patrick;(590) 412-1346;quis.arcu.vel@pulvinararcu.co.uk
1021;Kimberly E. Britt;(222) 815-2203;interdum@tempordiamdictum.ca
1022;Serina L. Maxwell;(593) 885-7466;augue.scelerisque.mollis@tinciduntnequevitae.edu
1023;Carolyn T. Johnson;(132) 797-0232;Vivamus.rhoncus@adipiscingenim.org
1024;Dale N. Garner;(386) 784-1173;nec@non.co.uk
1025;Bo G. Luna;(634) 652-1533;diam.Sed@metusAliquamerat.org
1026;Declan P. Duncan;(542) 304-8984;vitae.erat.Vivamus@ipsum.org
1027;Joel R. Estrada;(944) 356-2401;Curae.Phasellus@mauris.edu
1028;Jane I. Herman;(900) 246-2171;purus.accumsan.interdum@in.net
1029;Aretha J. Black;(102) 535-3653;ac@nullavulputate.com
1030;Minerva W. Garner;(783) 759-5512;Pellentesque@idante.edu
1031;Emma J. Maynard;(284) 178-5030;mus.Proin.vel@placerat.org
1032;Travis X. Molina;(135) 765-5448;ut.mi.Duis@Morbivehicula.ca
1033;Addison Y. Barnett;(798) 642-3621;at.risus@dolorFusce.ca
1034;Breanna J. Bullock;(863) 571-5165;aliquet.libero.Integer@non.net
1035;TaShya G. Mccarthy;(125) 214-8224;pretium.neque@euismodmauris.net
1036;Charde Z. Rodgers;(645) 281-2568;velit.eget.laoreet@bibendum.com
1037;Zephr R. Kemp;(533) 191-6930;eu@necanteMaecenas.org
1038;Henry M. Levy;(122) 590-7239;Nunc.lectus.pede@hendreritDonecporttitor.com
1039;Neve D. Barnett;(150) 424-0016;commodo.auctor.velit@ornaretortorat.co.uk
1040;Quemby W. Duncan;(833) 476-1189;libero@eget.net
1041;Amity N. Talley;(573) 590-8353;dictum@acmattisornare.com
1042;Rina U. Diaz;(805) 957-8558;urna@placeratCrasdictum.co.uk
1043;Tamekah R. Farrell;(408) 521-4765;Quisque@lacusNullatincidunt.org
1044;Cyrus H. Mccullough;(260) 738-4622;sem.semper@mi.org
1045;Hope Q. Mcbride;(212) 966-9093;aliquet.diam@natoquepenatibus.edu
1046;Preston L. Ratliff;(292) 680-8669;gravida.mauris.ut@liberolacusvarius.net
1047;Mohammad W. Hartman;(439) 596-4264;enim.Mauris.quis@nonummyac.org
1048;Chancellor W. Luna;(289) 588-1513;feugiat.Sed@mollisnec.com
1049;Jane A. Mcgee;(460) 919-9385;hendrerit.id.ante@neque.ca
1050;Kirk W. Small;(830) 379-2457;dignissim.Maecenas@euismodest.org
1051;Whoopi O. Freeman;(174) 890-7176;sollicitudin.adipiscing.ligula@orcisem.net
1052;Malik L. Burke;(322) 371-7124;lobortis@Maurisvel.com
1053;Bernard C. Wise;(661) 396-9224;Sed@mollisnec.co.uk
1054;Tatyana X. Goff;(145) 609-3741;amet@loremeget.edu
1055;Priscilla S. Love;(340) 866-1329;Nulla.semper.tellus@inmagna.edu
1056;Shannon B. Olsen;(385) 707-7510;nonummy@nisl.edu
1057;Callie B. Burris;(488) 749-5165;Ut@acipsum.edu
1058;Lilah J. Wynn;(835) 116-2063;sodales@Maurisvestibulum.ca
1059;Walter Z. Diaz;(225) 566-1369;nibh.vulputate.mauris@natoquepenatibuset.ca
1060;Cooper J. Suarez;(287) 586-3620;dui@in.ca
1061;Lev J. Whitehead;(105) 983-2594;cursus@nibhPhasellus.ca
1062;Justin N. Goff;(259) 847-6691;velit@mollislectus.net
1063;Kiara G. Craft;(639) 604-5188;orci.tincidunt.adipiscing@vitae.edu
1064;Hadley H. Valentine;(620) 128-5076;ut.pharetra@sapienNunc.co.uk
1065;Daniel R. Hyde;(404) 659-7688;Vivamus.non.lorem@eratSednunc.ca
1066;Kendall G. Neal;(222) 540-7179;Quisque.ac.libero@velitCras.com
1067;Shad O. Cortez;(842) 652-2719;sed@dictummagnaUt.co.uk
1068;Francesca C. Terrell;(572) 781-8389;nisi.sem.semper@malesuadavel.co.uk
1069;Thor T. Delgado;(892) 843-1995;nec.tellus@eget.net
1070;Cailin D. Cobb;(115) 590-1549;elit.pretium.et@massaSuspendisseeleifend.net
1071;Camille S. Bernard;(478) 100-8813;tellus.faucibus@amet.edu
1072;Felix G. Foley;(831) 425-7034;sem.Nulla@velvenenatisvel.co.uk
1073;Emma S. Key;(431) 562-1529;Donec@facilisisvitae.co.uk
1074;Ignacia H. Key;(898) 755-3545;est.tempor.bibendum@vitaenibh.edu
1075;Holly M. Pratt;(127) 154-6652;purus.Duis@ametante.com
1076;Diana T. Sweeney;(867) 326-4682;ultrices@egestasascelerisque.ca
1077;Nolan G. Hicks;(201) 648-0080;a.neque.Nullam@ullamcorperDuis.co.uk
1078;Brock U. Forbes;(462) 811-6424;turpis@euismodurnaNullam.edu
1079;Bevis J. Rios;(410) 493-6107;dignissim.magna.a@quisdiam.org
1080;Amos K. Larson;(403) 733-7709;magna.a.tortor@nequetellus.co.uk
1081;Sydnee B. Barnes;(175) 186-5977;egestas.Duis.ac@feugiatmetussit.com
1082;Jescie P. Olson;(657) 562-4728;lacus@velitdui.com
1083;Eliana D. Romero;(816) 761-6804;Integer.vitae@id.net
1084;Serina H. Gibbs;(361) 206-3514;sed.hendrerit.a@vehicula.net
1085;Dustin P. Saunders;(428) 215-0498;a@hendrerit.ca
1086;Alea Q. Macias;(605) 414-5678;id@ipsum.net
1087;Ivy S. Henson;(462) 208-3014;mauris.ipsum@Nullaeuneque.org
1088;Sydney L. Hull;(478) 499-2165;Mauris.molestie@pulvinararcu.net
1089;Rina V. Sanders;(121) 754-5206;cursus.vestibulum@Praesenteudui.net
1090;Beatrice R. Burton;(396) 225-9817;aliquam@ligula.edu
1091;Thor U. Hamilton;(888) 298-0457;sagittis@acipsumPhasellus.org
1092;Isaac Z. Stark;(520) 542-6314;enim@Duiselementumdui.com
1093;Gillian I. Blevins;(796) 239-5943;massa@ac.edu
1094;Addison W. Hopper;(358) 986-1574;nec.diam@et.net
1095;Hilary Q. Graham;(857) 595-4627;non@mi.ca
1096;Raja J. Gonzales;(724) 746-3609;est.congue@vehicula.co.uk
1097;Sandra J. Jimenez;(719) 358-2912;Nullam.feugiat@non.ca
1098;Inez A. Shannon;(616) 754-1825;vel.lectus@vulputateullamcorpermagna.ca
1099;Kai E. Wise;(740) 934-4871;sem@dignissimtempor.org